{
    "color": {
        "height": 2048,
        "width": 2448,
        "F": [
            2343.102783203125,
            2343.102783203125
        ],
        "C": [
            1232.64404296875,
            1026.1180419921876
        ],
        "distortionC": [
            1232.64404296875,
            1026.1180419921876
        ],
        "translation": [
            282.59149169921877,
            -2.1944589614868166,
            13.253988265991211
        ],
        "rotation": [
            [
                0.9985218644142151,
                0.00452224537730217,
                -0.05416332185268402,
                0.0
            ],
            [
                -0.0049940962344408039,
                0.9999507069587708,
                -0.00857946090400219,
                0.0
            ],
            [
                0.05412185192108154,
                0.008837275207042694,
                0.9984952211380005,
                0.0
            ],
            [
                0.0,
                0.0,
                0.0,
                1.0
            ]
        ],
        "distortion": [
            0.000262451299931854,
            -0.00021927875059191138,
            -0.0730973482131958,
            0.11325410008430481,
            -0.06160571426153183
        ]
    },
    "ir": {
        "height": 0,
        "width": 0,
        "F": [
            1.0,
            1.0
        ],
        "C": [
            0.0,
            0.0
        ],
        "distortionC": [
            0.0,
            0.0
        ],
        "translation": [
            0.0,
            0.0,
            0.0
        ],
        "rotation": [
            [
                1.0,
                0.0,
                0.0,
                0.0
            ],
            [
                0.0,
                1.0,
                0.0,
                0.0
            ],
            [
                0.0,
                0.0,
                1.0,
                0.0
            ],
            [
                0.0,
                0.0,
                0.0,
                1.0
            ]
        ],
        "distortion": [
            0.0,
            0.0,
            0.0,
            0.0,
            0.0
        ]
    }
}