{
    "color": {
        "height": 2048,
        "width": 2448,
        "F": [
            2336.055908203125,
            2336.055908203125
        ],
        "C": [
            1267.3193359375,
            1046.5511474609376
        ],
        "distortionC": [
            1267.3193359375,
            1046.5511474609376
        ],
        "translation": [
            42.82216262817383,
            -0.9576039910316467,
            -4.713712215423584
        ],
        "rotation": [
            [
                0.9985620975494385,
                0.0066903987899422649,
                0.053188256919384,
                0.0
            ],
            [
                -0.006306271068751812,
                0.9999528527259827,
                -0.007386591751128435,
                0.0
            ],
            [
                -0.053235165774822238,
                0.00704055093228817,
                0.9985572099685669,
                0.0
            ],
            [
                0.0,
                0.0,
                0.0,
                1.0
            ]
        ],
        "distortion": [
            0.000568899093195796,
            -0.0006694567855447531,
            -0.07191414386034012,
            0.08842648565769196,
            -0.021183397620916368
        ]
    },
    "ir": {
        "height": 1024,
        "width": 1280,
        "F": [
            950.2386474609375,
            950.2386474609375
        ],
        "C": [
            643.471435546875,
            524.1656494140625
        ],
        "distortionC": [
            643.471435546875,
            524.1656494140625
        ],
        "translation": [
            0.0,
            0.0,
            0.0
        ],
        "rotation": [
            [
                1.0,
                0.0,
                0.0,
                0.0
            ],
            [
                0.0,
                1.0,
                0.0,
                0.0
            ],
            [
                0.0,
                0.0,
                1.0,
                0.0
            ],
            [
                0.0,
                0.0,
                0.0,
                1.0
            ]
        ],
        "distortion": [
            -0.00012806781160179526,
            -0.0003490413073450327,
            0.12007163465023041,
            -0.09284118562936783,
            0.00001669874654908199
        ]
    }
}