{
    "color": {
        "height": 2048,
        "width": 2448,
        "F": [
            2348.180908203125,
            2348.180908203125
        ],
        "C": [
            1213.26025390625,
            1068.7481689453126
        ],
        "distortionC": [
            1213.26025390625,
            1068.7481689453126
        ],
        "translation": [
            282.18060302734377,
            -1.7522672414779664,
            16.42650032043457
        ],
        "rotation": [
            [
                0.9981696009635925,
                0.004586606752127409,
                -0.06030244380235672,
                0.0
            ],
            [
                -0.004641201812773943,
                0.9999889135360718,
                -0.0007653190987184644,
                0.0
            ],
            [
                0.060298264026641849,
                0.0010437940945848823,
                0.9981798529624939,
                0.0
            ],
            [
                0.0,
                0.0,
                0.0,
                1.0
            ]
        ],
        "distortion": [
            -0.0005945589509792626,
            -0.0005555542302317917,
            -0.07535231858491898,
            0.11078688502311707,
            -0.04385373368859291
        ]
    },
    "ir": {
        "height": 0,
        "width": 0,
        "F": [
            1.0,
            1.0
        ],
        "C": [
            0.0,
            0.0
        ],
        "distortionC": [
            0.0,
            0.0
        ],
        "translation": [
            0.0,
            0.0,
            0.0
        ],
        "rotation": [
            [
                1.0,
                0.0,
                0.0,
                0.0
            ],
            [
                0.0,
                1.0,
                0.0,
                0.0
            ],
            [
                0.0,
                0.0,
                1.0,
                0.0
            ],
            [
                0.0,
                0.0,
                0.0,
                1.0
            ]
        ],
        "distortion": [
            0.0,
            0.0,
            0.0,
            0.0,
            0.0
        ]
    }
}