{
    "color": {
        "height": 2048,
        "width": 2448,
        "F": [
            2332.803955078125,
            2332.803955078125
        ],
        "C": [
            1235.475830078125,
            1053.9764404296876
        ],
        "distortionC": [
            1235.475830078125,
            1053.9764404296876
        ],
        "translation": [
            42.08257293701172,
            0.6523494124412537,
            -3.669241428375244
        ],
        "rotation": [
            [
                0.9987215995788574,
                -0.00025331618962809443,
                0.050548527389764789,
                0.0
            ],
            [
                0.0002574522513896227,
                0.9999999403953552,
                -0.00007531241863034666,
                0.0
            ],
            [
                -0.050548505038022998,
                0.00008822996460366994,
                0.9987215995788574,
                0.0
            ],
            [
                0.0,
                0.0,
                0.0,
                1.0
            ]
        ],
        "distortion": [
            -0.000001536309582661488,
            -0.001640214817598462,
            -0.07695111632347107,
            0.09941128641366959,
            -0.02378719486296177
        ]
    },
    "ir": {
        "height": 1024,
        "width": 1280,
        "F": [
            950.0726318359375,
            950.0726318359375
        ],
        "C": [
            637.02880859375,
            501.2248840332031
        ],
        "distortionC": [
            637.02880859375,
            501.2248840332031
        ],
        "translation": [
            0.0,
            0.0,
            0.0
        ],
        "rotation": [
            [
                1.0,
                0.0,
                0.0,
                0.0
            ],
            [
                0.0,
                1.0,
                0.0,
                0.0
            ],
            [
                0.0,
                0.0,
                1.0,
                0.0
            ],
            [
                0.0,
                0.0,
                0.0,
                1.0
            ]
        ],
        "distortion": [
            -0.0005016197683289647,
            -0.0003714066988322884,
            0.11751317977905274,
            -0.09140808135271073,
            -0.009610087610781193
        ]
    }
}