{
    "color": {
        "height": 2048,
        "width": 2448,
        "F": [
            2341.0654296875,
            2341.0654296875
        ],
        "C": [
            1223.843505859375,
            1050.7464599609376
        ],
        "distortionC": [
            1223.843505859375,
            1050.7464599609376
        ],
        "translation": [
            282.1979064941406,
            -0.11186996847391129,
            15.115982055664063
        ],
        "rotation": [
            [
                0.9981020092964172,
                0.007958930917084217,
                -0.06106629967689514,
                0.0
            ],
            [
                -0.008000017143785954,
                0.9999679327011108,
                -0.00042834438499994576,
                0.0
            ],
            [
                0.06106093153357506,
                0.000916062796022743,
                0.9981335997581482,
                0.0
            ],
            [
                0.0,
                0.0,
                0.0,
                1.0
            ]
        ],
        "distortion": [
            -0.00019959724158979952,
            -0.0006570355035364628,
            -0.0771481990814209,
            0.10941091924905777,
            -0.04866940155625343
        ]
    },
    "ir": {
        "height": 0,
        "width": 0,
        "F": [
            1.0,
            1.0
        ],
        "C": [
            0.0,
            0.0
        ],
        "distortionC": [
            0.0,
            0.0
        ],
        "translation": [
            0.0,
            0.0,
            0.0
        ],
        "rotation": [
            [
                1.0,
                0.0,
                0.0,
                0.0
            ],
            [
                0.0,
                1.0,
                0.0,
                0.0
            ],
            [
                0.0,
                0.0,
                1.0,
                0.0
            ],
            [
                0.0,
                0.0,
                0.0,
                1.0
            ]
        ],
        "distortion": [
            0.0,
            0.0,
            0.0,
            0.0,
            0.0
        ]
    }
}