{
    "color": {
        "height": 2048,
        "width": 2448,
        "F": [
            2339.107666015625,
            2339.107666015625
        ],
        "C": [
            1188.828369140625,
            1043.7166748046876
        ],
        "distortionC": [
            1188.828369140625,
            1043.7166748046876
        ],
        "translation": [
            42.56085205078125,
            -0.048367541283369067,
            -4.03623628616333
        ],
        "rotation": [
            [
                0.9989778995513916,
                0.007144108880311251,
                0.04463329166173935,
                0.0
            ],
            [
                -0.007017394062131643,
                0.9999709129333496,
                -0.0029950563330203296,
                0.0
            ],
            [
                -0.04465338960289955,
                0.0026787857059389354,
                0.9989989399909973,
                0.0
            ],
            [
                0.0,
                0.0,
                0.0,
                1.0
            ]
        ],
        "distortion": [
            0.0000872626478667371,
            -0.0008781541255302727,
            -0.07616925984621048,
            0.10890524834394455,
            -0.051811542361974719
        ]
    },
    "ir": {
        "height": 1024,
        "width": 1280,
        "F": [
            952.423583984375,
            952.423583984375
        ],
        "C": [
            630.47021484375,
            497.643310546875
        ],
        "distortionC": [
            630.47021484375,
            497.643310546875
        ],
        "translation": [
            0.0,
            0.0,
            0.0
        ],
        "rotation": [
            [
                1.0,
                0.0,
                0.0,
                0.0
            ],
            [
                0.0,
                1.0,
                0.0,
                0.0
            ],
            [
                0.0,
                0.0,
                1.0,
                0.0
            ],
            [
                0.0,
                0.0,
                0.0,
                1.0
            ]
        ],
        "distortion": [
            -0.0006587777170352638,
            0.00037305851583369076,
            0.1200670599937439,
            -0.08791332691907883,
            -0.01225969661027193
        ]
    }
}