{
    "color": {
        "height": 2048,
        "width": 2448,
        "F": [
            2332.893310546875,
            2332.893310546875
        ],
        "C": [
            1167.500244140625,
            1025.1014404296876
        ],
        "distortionC": [
            1167.500244140625,
            1025.1014404296876
        ],
        "translation": [
            41.18244552612305,
            -1.0006217956542969,
            -2.5060811042785646
        ],
        "rotation": [
            [
                0.9993125796318054,
                -0.0003337323432788253,
                0.03707139939069748,
                0.0
            ],
            [
                0.0001700413995422423,
                0.9999902248382568,
                0.004418624099344015,
                0.0
            ],
            [
                -0.03707250952720642,
                -0.004409282933920622,
                0.999302864074707,
                0.0
            ],
            [
                0.0,
                0.0,
                0.0,
                1.0
            ]
        ],
        "distortion": [
            0.0002942164719570428,
            -0.0014041438698768616,
            -0.07787244766950607,
            0.11342164874076843,
            -0.05992107093334198
        ]
    },
    "ir": {
        "height": 1024,
        "width": 1280,
        "F": [
            955.1566772460938,
            955.1566772460938
        ],
        "C": [
            640.8028564453125,
            520.141845703125
        ],
        "distortionC": [
            640.8028564453125,
            520.141845703125
        ],
        "translation": [
            0.0,
            0.0,
            0.0
        ],
        "rotation": [
            [
                1.0,
                0.0,
                0.0,
                0.0
            ],
            [
                0.0,
                1.0,
                0.0,
                0.0
            ],
            [
                0.0,
                0.0,
                1.0,
                0.0
            ],
            [
                0.0,
                0.0,
                0.0,
                1.0
            ]
        ],
        "distortion": [
            -0.0013123465469107032,
            -0.00020627232152037323,
            0.12535376846790315,
            -0.11181395500898361,
            0.015456386841833592
        ]
    }
}