{
    "color": {
        "height": 2048,
        "width": 2448,
        "F": [
            2337.682373046875,
            2337.682373046875
        ],
        "C": [
            1206.056640625,
            1013.1470336914063
        ],
        "distortionC": [
            1206.056640625,
            1013.1470336914063
        ],
        "translation": [
            280.96051025390627,
            -1.9281057119369507,
            15.67244815826416
        ],
        "rotation": [
            [
                0.9979734420776367,
                0.0042429473251104359,
                -0.0634906068444252,
                0.0
            ],
            [
                -0.004204031080007553,
                0.9999908804893494,
                0.0007465285598300397,
                0.0
            ],
            [
                0.06349319964647293,
                -0.0004780991584993899,
                0.9979821443557739,
                0.0
            ],
            [
                0.0,
                0.0,
                0.0,
                1.0
            ]
        ],
        "distortion": [
            0.000438697577919811,
            0.00012057441199431196,
            -0.0707348883152008,
            0.08799867331981659,
            -0.019771303981542589
        ]
    },
    "ir": {
        "height": 0,
        "width": 0,
        "F": [
            1.0,
            1.0
        ],
        "C": [
            0.0,
            0.0
        ],
        "distortionC": [
            0.0,
            0.0
        ],
        "translation": [
            0.0,
            0.0,
            0.0
        ],
        "rotation": [
            [
                1.0,
                0.0,
                0.0,
                0.0
            ],
            [
                0.0,
                1.0,
                0.0,
                0.0
            ],
            [
                0.0,
                0.0,
                1.0,
                0.0
            ],
            [
                0.0,
                0.0,
                0.0,
                1.0
            ]
        ],
        "distortion": [
            0.0,
            0.0,
            0.0,
            0.0,
            0.0
        ]
    }
}