{
    "color": {
        "height": 2048,
        "width": 2448,
        "F": [
            2332.73583984375,
            2332.73583984375
        ],
        "C": [
            1207.6072998046876,
            980.5619506835938
        ],
        "distortionC": [
            1207.6072998046876,
            980.5619506835938
        ],
        "translation": [
            282.859375,
            1.7800809144973755,
            17.34515380859375
        ],
        "rotation": [
            [
                0.998080313205719,
                0.001394773251377046,
                -0.0619170144200325,
                0.0
            ],
            [
                -0.00108064035885036,
                0.9999863505363464,
                0.005106647033244371,
                0.0
            ],
            [
                0.06192329525947571,
                -0.0050299339927732948,
                0.9980682134628296,
                0.0
            ],
            [
                0.0,
                0.0,
                0.0,
                1.0
            ]
        ],
        "distortion": [
            -0.00008499845716869459,
            -0.000494128733407706,
            -0.07313601672649384,
            0.09724317491054535,
            -0.027802947908639909
        ]
    },
    "ir": {
        "height": 0,
        "width": 0,
        "F": [
            1.0,
            1.0
        ],
        "C": [
            0.0,
            0.0
        ],
        "distortionC": [
            0.0,
            0.0
        ],
        "translation": [
            0.0,
            0.0,
            0.0
        ],
        "rotation": [
            [
                1.0,
                0.0,
                0.0,
                0.0
            ],
            [
                0.0,
                1.0,
                0.0,
                0.0
            ],
            [
                0.0,
                0.0,
                1.0,
                0.0
            ],
            [
                0.0,
                0.0,
                0.0,
                1.0
            ]
        ],
        "distortion": [
            0.0,
            0.0,
            0.0,
            0.0,
            0.0
        ]
    }
}