{
    "color": {
        "height": 2048,
        "width": 2448,
        "F": [
            2342.14453125,
            2342.14453125
        ],
        "C": [
            1168.2630615234376,
            1020.7655639648438
        ],
        "distortionC": [
            1168.2630615234376,
            1020.7655639648438
        ],
        "translation": [
            35.874000549316409,
            4.508026123046875,
            -2.947807788848877
        ],
        "rotation": [
            [
                0.9988694190979004,
                -0.0027020559646189214,
                0.04746079072356224,
                0.0
            ],
            [
                0.002652237191796303,
                0.9999958872795105,
                0.0011126288445666433,
                0.0
            ],
            [
                -0.04746359959244728,
                -0.0009854937670752407,
                0.9988724589347839,
                0.0
            ],
            [
                0.0,
                0.0,
                0.0,
                1.0
            ]
        ],
        "distortion": [
            -0.0003314677451271564,
            -0.0011733458377420903,
            -0.07810705155134201,
            0.11919005960226059,
            -0.058867521584033969
        ]
    },
    "ir": {
        "height": 1024,
        "width": 1280,
        "F": [
            954.86572265625,
            954.86572265625
        ],
        "C": [
            633.350830078125,
            500.5457458496094
        ],
        "distortionC": [
            633.350830078125,
            500.5457458496094
        ],
        "translation": [
            0.0,
            0.0,
            0.0
        ],
        "rotation": [
            [
                1.0,
                0.0,
                0.0,
                0.0
            ],
            [
                0.0,
                1.0,
                0.0,
                0.0
            ],
            [
                0.0,
                0.0,
                1.0,
                0.0
            ],
            [
                0.0,
                0.0,
                0.0,
                1.0
            ]
        ],
        "distortion": [
            -0.0017973316134884954,
            -0.0005300587508827448,
            0.11708812415599823,
            -0.0821089968085289,
            -0.014415616169571877
        ]
    }
}