{
    "color": {
        "height": 2048,
        "width": 2448,
        "F": [
            2332.169189453125,
            2332.169189453125
        ],
        "C": [
            1228.5382080078126,
            1070.2291259765626
        ],
        "distortionC": [
            1228.5382080078126,
            1070.2291259765626
        ],
        "translation": [
            43.18802261352539,
            0.38616472482681277,
            -4.004541873931885
        ],
        "rotation": [
            [
                0.9988389611244202,
                0.002811269834637642,
                0.048092037439346316,
                0.0
            ],
            [
                -0.0026553813368082048,
                0.9999909996986389,
                -0.0033050409983843567,
                0.0
            ],
            [
                -0.048100896179676059,
                0.0031735009979456665,
                0.998837411403656,
                0.0
            ],
            [
                0.0,
                0.0,
                0.0,
                1.0
            ]
        ],
        "distortion": [
            -0.00021593405108433217,
            -0.0013396297581493855,
            -0.07764939963817597,
            0.10953298956155777,
            -0.042870476841926578
        ]
    },
    "ir": {
        "height": 1024,
        "width": 1280,
        "F": [
            952.6641845703125,
            952.6641845703125
        ],
        "C": [
            623.827392578125,
            523.04443359375
        ],
        "distortionC": [
            623.827392578125,
            523.04443359375
        ],
        "translation": [
            0.0,
            0.0,
            0.0
        ],
        "rotation": [
            [
                1.0,
                0.0,
                0.0,
                0.0
            ],
            [
                0.0,
                1.0,
                0.0,
                0.0
            ],
            [
                0.0,
                0.0,
                1.0,
                0.0
            ],
            [
                0.0,
                0.0,
                0.0,
                1.0
            ]
        ],
        "distortion": [
            -0.0007274345844052732,
            -0.0007660765550099313,
            0.11693404614925385,
            -0.07637427747249603,
            -0.02446911670267582
        ]
    }
}