{
    "color": {
        "height": 2048,
        "width": 2448,
        "F": [
            2341.839111328125,
            2341.839111328125
        ],
        "C": [
            1204.00048828125,
            952.1334838867188
        ],
        "distortionC": [
            1204.00048828125,
            952.1334838867188
        ],
        "translation": [
            283.47796630859377,
            0.9870054125785828,
            14.4649019241333
        ],
        "rotation": [
            [
                0.9983112812042236,
                -0.0028517034370452167,
                -0.058021340519189838,
                0.0
            ],
            [
                0.0026751512195914985,
                0.9999915361404419,
                -0.0031203317921608688,
                0.0
            ],
            [
                0.05802974849939346,
                0.002959846518933773,
                0.9983104467391968,
                0.0
            ],
            [
                0.0,
                0.0,
                0.0,
                1.0
            ]
        ],
        "distortion": [
            -0.0008360067149624229,
            -0.00038389142719097435,
            -0.07841601222753525,
            0.1253155618906021,
            -0.07158000767230988
        ]
    },
    "ir": {
        "height": 0,
        "width": 0,
        "F": [
            1.0,
            1.0
        ],
        "C": [
            0.0,
            0.0
        ],
        "distortionC": [
            0.0,
            0.0
        ],
        "translation": [
            0.0,
            0.0,
            0.0
        ],
        "rotation": [
            [
                1.0,
                0.0,
                0.0,
                0.0
            ],
            [
                0.0,
                1.0,
                0.0,
                0.0
            ],
            [
                0.0,
                0.0,
                1.0,
                0.0
            ],
            [
                0.0,
                0.0,
                0.0,
                1.0
            ]
        ],
        "distortion": [
            0.0,
            0.0,
            0.0,
            0.0,
            0.0
        ]
    }
}